archivo,ligando,tipo,residuo
report (1).xml,LIG,H-Bond,HIS302
report (1).xml,LIG,H-Bond,PRO308
report (1).xml,LIG,H-Bond,SER327
report (1).xml,LIG,H-Bond,SER327
report (1).xml,LIG,H-Bond,GLY328
report (1).xml,LIG,H-Bond,LYS693
report (10).xml,CLR,Hidrofóbica,ALA727
report (10).xml,CLR,Hidrofóbica,ILE730
report (10).xml,CLR,Hidrofóbica,ILE730
report (10).xml,CLR,Hidrofóbica,LEU758
report (10).xml,CLR,Hidrofóbica,THR845
report (10).xml,CLR,Hidrofóbica,LEU843
report (10).xml,CLR,Hidrofóbica,VAL865
report (10).xml,CLR,Hidrofóbica,ALA869
report (10).xml,CLR,Hidrofóbica,VAL873
report (10).xml,CLR,Hidrofóbica,ILE864
report (10).xml,CLR,Hidrofóbica,PHE959
report (10).xml,CLR,Hidrofóbica,LEU305
report (10).xml,CLR,Hidrofóbica,ALA311
report (10).xml,CLR,Hidrofóbica,LEU757
report (10).xml,CLR,Hidrofóbica,LEU757
report (10).xml,CLR,Hidrofóbica,LEU760
report (10).xml,CLR,Hidrofóbica,LEU760
report (10).xml,CLR,Hidrofóbica,VAL217
report (10).xml,CLR,Hidrofóbica,LEU312
report (10).xml,CLR,Hidrofóbica,LEU312
report (10).xml,CLR,Hidrofóbica,TRP315
report (10).xml,CLR,Hidrofóbica,TYR316
report (10).xml,CLR,H-Bond,LYS213
report (10).xml,CLR,Hidrofóbica,LEU216
report (10).xml,CLR,Hidrofóbica,ALA220
report (10).xml,LIG,H-Bond,THR28
report (10).xml,LIG,H-Bond,THR28
report (10).xml,LIG,H-Bond,THR28
report (10).xml,LIG,H-Bond,TYR32
report (10).xml,LIG,H-Bond,TYR32
report (10).xml,LIG,H-Bond,PHE79
report (10).xml,LIG,H-Bond,GLY83
report (10).xml,LIG,H-Bond,THR740
report (11).xml,LIG,H-Bond,HIS302
report (11).xml,LIG,H-Bond,THR305
report (11).xml,LIG,H-Bond,THR305
report (11).xml,LIG,H-Bond,LYS693
report (12).xml,CLR,Hidrofóbica,ALA727
report (12).xml,CLR,Hidrofóbica,ILE730
report (12).xml,CLR,Hidrofóbica,ILE730
report (12).xml,CLR,Hidrofóbica,LEU758
report (12).xml,CLR,Hidrofóbica,THR845
report (12).xml,CLR,Hidrofóbica,LEU843
report (12).xml,CLR,Hidrofóbica,VAL865
report (12).xml,CLR,Hidrofóbica,ALA869
report (12).xml,CLR,Hidrofóbica,VAL873
report (12).xml,CLR,Hidrofóbica,ILE864
report (12).xml,CLR,Hidrofóbica,PHE959
report (12).xml,CLR,Hidrofóbica,LEU305
report (12).xml,CLR,Hidrofóbica,ALA311
report (12).xml,CLR,Hidrofóbica,LEU757
report (12).xml,CLR,Hidrofóbica,LEU757
report (12).xml,CLR,Hidrofóbica,LEU760
report (12).xml,CLR,Hidrofóbica,LEU760
report (12).xml,CLR,Hidrofóbica,VAL217
report (12).xml,CLR,Hidrofóbica,LEU312
report (12).xml,CLR,Hidrofóbica,LEU312
report (12).xml,CLR,Hidrofóbica,TRP315
report (12).xml,CLR,Hidrofóbica,TYR316
report (12).xml,CLR,H-Bond,LYS213
report (12).xml,CLR,Hidrofóbica,LEU216
report (12).xml,CLR,Hidrofóbica,ALA220
report (12).xml,LIG,H-Bond,THR28
report (12).xml,LIG,H-Bond,THR28
report (12).xml,LIG,H-Bond,SER31
report (12).xml,LIG,H-Bond,SER31
report (12).xml,LIG,H-Bond,TYR32
report (12).xml,LIG,H-Bond,THR740
report (12).xml,LIG,H-Bond,THR740
report (12).xml,LIG,H-Bond,PHE971
report (12).xml,LIG,H-Bond,GLU972
report (12).xml,LIG,H-Bond,GLU972
report (13).xml,FOL,H-Bond,GLN100
report (13).xml,FOL,H-Bond,SER101
report (13).xml,FOL,H-Bond,ARG103
report (13).xml,FOL,H-Bond,ARG103
report (13).xml,FOL,H-Bond,ARG106
report (13).xml,FOL,H-Bond,HIS135
report (13).xml,FOL,H-Bond,GLY137
report (13).xml,FOL,H-Bond,TRP138
report (13).xml,FOL,H-Bond,TRP171
report (13).xml,FOL,H-Bond,SER174
report (13).xml,FOL,H-Bond,TYR175
report (13).xml,FOL,Hidrofóbica,TYR60
report (13).xml,FOL,Hidrofóbica,TYR85
report (13).xml,FOL,Hidrofóbica,LYS136
report (13).xml,FOL,Hidrofóbica,TRP140
report (13).xml,FOL,Hidrofóbica,TRP171
report (13).xml,FOL,Hidrofóbica,TRP171
report (13).xml,FOL,Puente salino,ASP81
report (13).xml,FOL,Puente salino,LYS136
report (13).xml,FOL,H-Bond,SER101
report (13).xml,FOL,H-Bond,ARG103
report (13).xml,FOL,H-Bond,ARG103
report (13).xml,FOL,H-Bond,ARG106
report (13).xml,FOL,H-Bond,HIS135
report (13).xml,FOL,H-Bond,GLY137
report (13).xml,FOL,H-Bond,TRP138
report (13).xml,FOL,H-Bond,TRP140
report (13).xml,FOL,H-Bond,SER174
report (13).xml,FOL,H-Bond,SER174
report (13).xml,FOL,H-Bond,TYR175
report (13).xml,FOL,Hidrofóbica,TYR60
report (13).xml,FOL,Hidrofóbica,LYS136
report (13).xml,FOL,Hidrofóbica,TRP140
report (13).xml,FOL,Puente salino,ASP81
report (13).xml,FOL,Puente salino,LYS136
report (13).xml,FOL,H-Bond,ARG103
report (13).xml,FOL,H-Bond,ARG103
report (13).xml,FOL,H-Bond,ARG106
report (13).xml,FOL,H-Bond,HIS135
report (13).xml,FOL,H-Bond,GLY137
report (13).xml,FOL,H-Bond,TRP138
report (13).xml,FOL,H-Bond,TRP140
report (13).xml,FOL,H-Bond,SER174
report (13).xml,FOL,H-Bond,SER174
report (13).xml,FOL,H-Bond,TYR175
report (13).xml,FOL,Hidrofóbica,TYR60
report (13).xml,FOL,Hidrofóbica,LYS136
report (13).xml,FOL,Hidrofóbica,TRP140
report (13).xml,FOL,Hidrofóbica,TRP171
report (13).xml,FOL,Puente salino,LYS30
report (13).xml,FOL,Puente salino,ASP81
report (13).xml,FOL,Puente salino,LYS136
report (13).xml,FOL,H-Bond,GLN100
report (13).xml,FOL,H-Bond,SER101
report (13).xml,FOL,H-Bond,ARG103
report (13).xml,FOL,H-Bond,ARG103
report (13).xml,FOL,H-Bond,ARG106
report (13).xml,FOL,H-Bond,HIS135
report (13).xml,FOL,H-Bond,GLY137
report (13).xml,FOL,H-Bond,TRP138
report (13).xml,FOL,H-Bond,SER174
report (13).xml,FOL,H-Bond,SER174
report (13).xml,FOL,H-Bond,TYR175
report (13).xml,FOL,Hidrofóbica,TYR60
report (13).xml,FOL,Hidrofóbica,LYS136
report (13).xml,FOL,Hidrofóbica,TRP140
report (13).xml,FOL,Hidrofóbica,TRP171
report (13).xml,FOL,Puente salino,ASP81
report (13).xml,FOL,Puente salino,LYS136
report (13).xml,FOL,H-Bond,GLN100
report (13).xml,FOL,H-Bond,ARG103
report (13).xml,FOL,H-Bond,ARG103
report (13).xml,FOL,H-Bond,ARG106
report (13).xml,FOL,H-Bond,HIS135
report (13).xml,FOL,H-Bond,HIS135
report (13).xml,FOL,H-Bond,GLY137
report (13).xml,FOL,H-Bond,SER174
report (13).xml,FOL,H-Bond,SER174
report (13).xml,FOL,H-Bond,TYR175
report (13).xml,FOL,Hidrofóbica,TYR60
report (13).xml,FOL,Hidrofóbica,TRP140
report (13).xml,FOL,Hidrofóbica,TRP171
report (13).xml,FOL,Puente salino,ASP81
report (13).xml,FOL,Puente salino,LYS136
report (13).xml,FOL,H-Bond,SER101
report (13).xml,FOL,H-Bond,ARG103
report (13).xml,FOL,H-Bond,ARG103
report (13).xml,FOL,H-Bond,ARG106
report (13).xml,FOL,H-Bond,HIS135
report (13).xml,FOL,H-Bond,GLY137
report (13).xml,FOL,H-Bond,TRP138
report (13).xml,FOL,H-Bond,TRP140
report (13).xml,FOL,H-Bond,SER174
report (13).xml,FOL,H-Bond,SER174
report (13).xml,FOL,H-Bond,SER174
report (13).xml,FOL,Hidrofóbica,TYR60
report (13).xml,FOL,Hidrofóbica,TRP140
report (13).xml,FOL,Puente salino,ASP81
report (13).xml,FOL,Puente salino,LYS136
report (13).xml,FOL,H-Bond,GLN100
report (13).xml,FOL,H-Bond,ARG103
report (13).xml,FOL,H-Bond,ARG103
report (13).xml,FOL,H-Bond,ARG106
report (13).xml,FOL,H-Bond,HIS135
report (13).xml,FOL,H-Bond,GLY137
report (13).xml,FOL,H-Bond,TRP138
report (13).xml,FOL,H-Bond,TRP140
report (13).xml,FOL,H-Bond,SER174
report (13).xml,FOL,H-Bond,SER174
report (13).xml,FOL,H-Bond,TYR175
report (13).xml,FOL,Hidrofóbica,TYR60
report (13).xml,FOL,Hidrofóbica,TRP140
report (13).xml,FOL,Puente salino,ASP81
report (13).xml,FOL,Puente salino,LYS136
report (13).xml,FOL,H-Bond,ARG103
report (13).xml,FOL,H-Bond,ARG103
report (13).xml,FOL,H-Bond,ARG106
report (13).xml,FOL,H-Bond,HIS135
report (13).xml,FOL,H-Bond,GLY137
report (13).xml,FOL,H-Bond,TRP138
report (13).xml,FOL,H-Bond,SER174
report (13).xml,FOL,H-Bond,SER174
report (13).xml,FOL,H-Bond,TYR175
report (13).xml,FOL,Hidrofóbica,TYR60
report (13).xml,FOL,Hidrofóbica,TYR60
report (13).xml,FOL,Hidrofóbica,TRP140
report (13).xml,FOL,Hidrofóbica,TRP171
report (13).xml,FOL,Puente salino,ASP81
report (13).xml,FOL,Puente salino,LYS136
report (13).xml,LIG,H-Bond,VAL56
report (13).xml,LIG,H-Bond,SER57
report (13).xml,LIG,H-Bond,PHE62
report (13).xml,LIG,H-Bond,THR82
report (13).xml,LIG,H-Bond,THR82
report (13).xml,LIG,H-Bond,ARG106
report (13).xml,LIG,H-Bond,TRP171
report (13).xml,LIG,H-Bond,SER174
report (13).xml,LIG,Hidrofóbica,TYR85
report (13).xml,LIG,Hidrofóbica,TYR85
report (13).xml,LIG,Hidrofóbica,TRP171
report (2).xml,LIG,H-Bond,HIS302
report (2).xml,LIG,H-Bond,THR305
report (2).xml,LIG,H-Bond,THR305
report (2).xml,LIG,H-Bond,THR305
report (2).xml,LIG,H-Bond,GLU694
report (2).xml,LIG,H-Bond,GLU694
report (3).xml,LIG,H-Bond,THR305
report (3).xml,LIG,H-Bond,THR305
report (3).xml,LIG,H-Bond,THR305
report (3).xml,LIG,H-Bond,SER327
report (3).xml,LIG,H-Bond,SER327
report (3).xml,LIG,H-Bond,LYS693
report (4).xml,LIG,H-Bond,ASP307
report (4).xml,LIG,H-Bond,THR310
report (5).xml,FOL,H-Bond,GLN100
report (5).xml,FOL,H-Bond,SER101
report (5).xml,FOL,H-Bond,ARG103
report (5).xml,FOL,H-Bond,ARG103
report (5).xml,FOL,H-Bond,ARG106
report (5).xml,FOL,H-Bond,HIS135
report (5).xml,FOL,H-Bond,HIS135
report (5).xml,FOL,H-Bond,GLY137
report (5).xml,FOL,H-Bond,TRP138
report (5).xml,FOL,H-Bond,SER174
report (5).xml,FOL,H-Bond,SER174
report (5).xml,FOL,H-Bond,TYR175
report (5).xml,FOL,Hidrofóbica,TYR60
report (5).xml,FOL,Hidrofóbica,LYS136
report (5).xml,FOL,Hidrofóbica,TRP140
report (5).xml,FOL,Hidrofóbica,TRP171
report (5).xml,FOL,Puente salino,ASP81
report (5).xml,FOL,Puente salino,LYS136
report (5).xml,FOL,H-Bond,SER101
report (5).xml,FOL,H-Bond,ARG103
report (5).xml,FOL,H-Bond,ARG103
report (5).xml,FOL,H-Bond,ARG106
report (5).xml,FOL,H-Bond,HIS135
report (5).xml,FOL,H-Bond,GLY137
report (5).xml,FOL,H-Bond,TRP138
report (5).xml,FOL,H-Bond,TRP140
report (5).xml,FOL,H-Bond,SER174
report (5).xml,FOL,H-Bond,SER174
report (5).xml,FOL,H-Bond,TYR175
report (5).xml,FOL,Hidrofóbica,TYR60
report (5).xml,FOL,Hidrofóbica,LYS136
report (5).xml,FOL,Hidrofóbica,TRP140
report (5).xml,FOL,Puente salino,ASP81
report (5).xml,FOL,Puente salino,LYS136
report (5).xml,FOL,H-Bond,ARG103
report (5).xml,FOL,H-Bond,ARG103
report (5).xml,FOL,H-Bond,ARG106
report (5).xml,FOL,H-Bond,HIS135
report (5).xml,FOL,H-Bond,GLY137
report (5).xml,FOL,H-Bond,TRP138
report (5).xml,FOL,H-Bond,TRP140
report (5).xml,FOL,H-Bond,SER174
report (5).xml,FOL,H-Bond,SER174
report (5).xml,FOL,H-Bond,TYR175
report (5).xml,FOL,Hidrofóbica,TYR60
report (5).xml,FOL,Hidrofóbica,LYS136
report (5).xml,FOL,Hidrofóbica,TRP140
report (5).xml,FOL,Hidrofóbica,TRP171
report (5).xml,FOL,Puente salino,LYS30
report (5).xml,FOL,Puente salino,ASP81
report (5).xml,FOL,Puente salino,LYS136
report (5).xml,FOL,H-Bond,GLN100
report (5).xml,FOL,H-Bond,SER101
report (5).xml,FOL,H-Bond,ARG103
report (5).xml,FOL,H-Bond,ARG103
report (5).xml,FOL,H-Bond,ARG106
report (5).xml,FOL,H-Bond,HIS135
report (5).xml,FOL,H-Bond,GLY137
report (5).xml,FOL,H-Bond,TRP138
report (5).xml,FOL,H-Bond,SER174
report (5).xml,FOL,H-Bond,SER174
report (5).xml,FOL,H-Bond,TYR175
report (5).xml,FOL,Hidrofóbica,TYR60
report (5).xml,FOL,Hidrofóbica,LYS136
report (5).xml,FOL,Hidrofóbica,TRP140
report (5).xml,FOL,Hidrofóbica,TRP171
report (5).xml,FOL,Puente salino,ASP81
report (5).xml,FOL,Puente salino,LYS136
report (5).xml,FOL,H-Bond,GLN100
report (5).xml,FOL,H-Bond,ARG103
report (5).xml,FOL,H-Bond,ARG103
report (5).xml,FOL,H-Bond,ARG106
report (5).xml,FOL,H-Bond,HIS135
report (5).xml,FOL,H-Bond,HIS135
report (5).xml,FOL,H-Bond,GLY137
report (5).xml,FOL,H-Bond,SER174
report (5).xml,FOL,H-Bond,SER174
report (5).xml,FOL,H-Bond,TYR175
report (5).xml,FOL,Hidrofóbica,TYR60
report (5).xml,FOL,Hidrofóbica,TRP140
report (5).xml,FOL,Hidrofóbica,TRP171
report (5).xml,FOL,Puente salino,ASP81
report (5).xml,FOL,Puente salino,LYS136
report (5).xml,FOL,H-Bond,SER101
report (5).xml,FOL,H-Bond,ARG103
report (5).xml,FOL,H-Bond,ARG103
report (5).xml,FOL,H-Bond,ARG106
report (5).xml,FOL,H-Bond,HIS135
report (5).xml,FOL,H-Bond,GLY137
report (5).xml,FOL,H-Bond,TRP138
report (5).xml,FOL,H-Bond,TRP140
report (5).xml,FOL,H-Bond,SER174
report (5).xml,FOL,H-Bond,SER174
report (5).xml,FOL,H-Bond,SER174
report (5).xml,FOL,Hidrofóbica,TYR60
report (5).xml,FOL,Hidrofóbica,TRP140
report (5).xml,FOL,Puente salino,ASP81
report (5).xml,FOL,Puente salino,LYS136
report (5).xml,FOL,H-Bond,GLN100
report (5).xml,FOL,H-Bond,ARG103
report (5).xml,FOL,H-Bond,ARG103
report (5).xml,FOL,H-Bond,ARG106
report (5).xml,FOL,H-Bond,HIS135
report (5).xml,FOL,H-Bond,GLY137
report (5).xml,FOL,H-Bond,TRP138
report (5).xml,FOL,H-Bond,TRP140
report (5).xml,FOL,H-Bond,SER174
report (5).xml,FOL,H-Bond,SER174
report (5).xml,FOL,H-Bond,TYR175
report (5).xml,FOL,Hidrofóbica,TYR60
report (5).xml,FOL,Hidrofóbica,TRP140
report (5).xml,FOL,Puente salino,ASP81
report (5).xml,FOL,Puente salino,LYS136
report (5).xml,FOL,H-Bond,ARG103
report (5).xml,FOL,H-Bond,ARG103
report (5).xml,FOL,H-Bond,ARG106
report (5).xml,FOL,H-Bond,HIS135
report (5).xml,FOL,H-Bond,GLY137
report (5).xml,FOL,H-Bond,TRP138
report (5).xml,FOL,H-Bond,SER174
report (5).xml,FOL,H-Bond,SER174
report (5).xml,FOL,H-Bond,TYR175
report (5).xml,FOL,Hidrofóbica,TYR60
report (5).xml,FOL,Hidrofóbica,TYR60
report (5).xml,FOL,Hidrofóbica,TRP140
report (5).xml,FOL,Hidrofóbica,TRP171
report (5).xml,FOL,Puente salino,ASP81
report (5).xml,FOL,Puente salino,LYS136
report (5).xml,LIG,H-Bond,TYR60
report (5).xml,LIG,H-Bond,SER101
report (5).xml,LIG,H-Bond,TRP102
report (5).xml,LIG,H-Bond,HIS135
report (5).xml,LIG,H-Bond,GLY137
report (5).xml,LIG,H-Bond,TRP138
report (5).xml,LIG,H-Bond,TRP138
report (5).xml,LIG,Hidrofóbica,PHE62
report (5).xml,LIG,Hidrofóbica,TRP140
report (5).xml,LIG,Hidrofóbica,TRP171
report (6).xml,FOL,H-Bond,GLN100
report (6).xml,FOL,H-Bond,SER101
report (6).xml,FOL,H-Bond,ARG103
report (6).xml,FOL,H-Bond,ARG103
report (6).xml,FOL,H-Bond,ARG106
report (6).xml,FOL,H-Bond,HIS135
report (6).xml,FOL,H-Bond,HIS135
report (6).xml,FOL,H-Bond,GLY137
report (6).xml,FOL,H-Bond,TRP138
report (6).xml,FOL,H-Bond,TRP140
report (6).xml,FOL,H-Bond,SER174
report (6).xml,FOL,H-Bond,SER174
report (6).xml,FOL,H-Bond,TYR175
report (6).xml,FOL,Hidrofóbica,TYR60
report (6).xml,FOL,Hidrofóbica,LYS136
report (6).xml,FOL,Hidrofóbica,TRP140
report (6).xml,FOL,Hidrofóbica,TRP171
report (6).xml,FOL,Puente salino,ASP81
report (6).xml,FOL,Puente salino,LYS136
report (6).xml,FOL,H-Bond,SER101
report (6).xml,FOL,H-Bond,ARG103
report (6).xml,FOL,H-Bond,ARG103
report (6).xml,FOL,H-Bond,ARG106
report (6).xml,FOL,H-Bond,HIS135
report (6).xml,FOL,H-Bond,GLY137
report (6).xml,FOL,H-Bond,TRP138
report (6).xml,FOL,H-Bond,TRP140
report (6).xml,FOL,H-Bond,SER174
report (6).xml,FOL,H-Bond,SER174
report (6).xml,FOL,H-Bond,TYR175
report (6).xml,FOL,Hidrofóbica,TYR60
report (6).xml,FOL,Hidrofóbica,LYS136
report (6).xml,FOL,Hidrofóbica,TRP140
report (6).xml,FOL,Puente salino,ASP81
report (6).xml,FOL,Puente salino,LYS136
report (6).xml,FOL,H-Bond,ARG103
report (6).xml,FOL,H-Bond,ARG103
report (6).xml,FOL,H-Bond,ARG106
report (6).xml,FOL,H-Bond,HIS135
report (6).xml,FOL,H-Bond,GLY137
report (6).xml,FOL,H-Bond,TRP138
report (6).xml,FOL,H-Bond,TRP140
report (6).xml,FOL,H-Bond,SER174
report (6).xml,FOL,H-Bond,SER174
report (6).xml,FOL,H-Bond,TYR175
report (6).xml,FOL,Hidrofóbica,TYR60
report (6).xml,FOL,Hidrofóbica,LYS136
report (6).xml,FOL,Hidrofóbica,TRP140
report (6).xml,FOL,Hidrofóbica,TRP171
report (6).xml,FOL,Puente salino,LYS30
report (6).xml,FOL,Puente salino,ASP81
report (6).xml,FOL,Puente salino,LYS136
report (6).xml,FOL,H-Bond,GLN100
report (6).xml,FOL,H-Bond,SER101
report (6).xml,FOL,H-Bond,ARG103
report (6).xml,FOL,H-Bond,ARG103
report (6).xml,FOL,H-Bond,ARG106
report (6).xml,FOL,H-Bond,HIS135
report (6).xml,FOL,H-Bond,GLY137
report (6).xml,FOL,H-Bond,TRP138
report (6).xml,FOL,H-Bond,SER174
report (6).xml,FOL,H-Bond,SER174
report (6).xml,FOL,H-Bond,TYR175
report (6).xml,FOL,Hidrofóbica,TYR60
report (6).xml,FOL,Hidrofóbica,LYS136
report (6).xml,FOL,Hidrofóbica,TRP140
report (6).xml,FOL,Hidrofóbica,TRP171
report (6).xml,FOL,Puente salino,ASP81
report (6).xml,FOL,Puente salino,LYS136
report (6).xml,FOL,H-Bond,GLN100
report (6).xml,FOL,H-Bond,ARG103
report (6).xml,FOL,H-Bond,ARG103
report (6).xml,FOL,H-Bond,ARG106
report (6).xml,FOL,H-Bond,HIS135
report (6).xml,FOL,H-Bond,HIS135
report (6).xml,FOL,H-Bond,GLY137
report (6).xml,FOL,H-Bond,SER174
report (6).xml,FOL,H-Bond,SER174
report (6).xml,FOL,H-Bond,TYR175
report (6).xml,FOL,Hidrofóbica,TYR60
report (6).xml,FOL,Hidrofóbica,TRP140
report (6).xml,FOL,Hidrofóbica,TRP171
report (6).xml,FOL,Puente salino,ASP81
report (6).xml,FOL,Puente salino,LYS136
report (6).xml,FOL,H-Bond,SER101
report (6).xml,FOL,H-Bond,ARG103
report (6).xml,FOL,H-Bond,ARG103
report (6).xml,FOL,H-Bond,ARG106
report (6).xml,FOL,H-Bond,HIS135
report (6).xml,FOL,H-Bond,GLY137
report (6).xml,FOL,H-Bond,TRP138
report (6).xml,FOL,H-Bond,TRP140
report (6).xml,FOL,H-Bond,SER174
report (6).xml,FOL,H-Bond,SER174
report (6).xml,FOL,H-Bond,SER174
report (6).xml,FOL,Hidrofóbica,TYR60
report (6).xml,FOL,Hidrofóbica,TRP140
report (6).xml,FOL,Puente salino,ASP81
report (6).xml,FOL,Puente salino,LYS136
report (6).xml,FOL,H-Bond,GLN100
report (6).xml,FOL,H-Bond,ARG103
report (6).xml,FOL,H-Bond,ARG103
report (6).xml,FOL,H-Bond,ARG106
report (6).xml,FOL,H-Bond,HIS135
report (6).xml,FOL,H-Bond,GLY137
report (6).xml,FOL,H-Bond,TRP138
report (6).xml,FOL,H-Bond,TRP140
report (6).xml,FOL,H-Bond,SER174
report (6).xml,FOL,H-Bond,SER174
report (6).xml,FOL,H-Bond,TYR175
report (6).xml,FOL,Hidrofóbica,TYR60
report (6).xml,FOL,Hidrofóbica,TRP140
report (6).xml,FOL,Puente salino,ASP81
report (6).xml,FOL,Puente salino,LYS136
report (6).xml,FOL,H-Bond,ARG103
report (6).xml,FOL,H-Bond,ARG103
report (6).xml,FOL,H-Bond,ARG106
report (6).xml,FOL,H-Bond,HIS135
report (6).xml,FOL,H-Bond,GLY137
report (6).xml,FOL,H-Bond,TRP138
report (6).xml,FOL,H-Bond,SER174
report (6).xml,FOL,H-Bond,SER174
report (6).xml,FOL,H-Bond,TYR175
report (6).xml,FOL,Hidrofóbica,TYR60
report (6).xml,FOL,Hidrofóbica,TYR60
report (6).xml,FOL,Hidrofóbica,TRP140
report (6).xml,FOL,Hidrofóbica,TRP171
report (6).xml,FOL,Puente salino,ASP81
report (6).xml,FOL,Puente salino,LYS136
report (6).xml,LIG,H-Bond,ARG61
report (6).xml,LIG,Hidrofóbica,PHE62
report (6).xml,LIG,Puente salino,LYS19
report (7).xml,FOL,H-Bond,GLN100
report (7).xml,FOL,H-Bond,SER101
report (7).xml,FOL,H-Bond,ARG103
report (7).xml,FOL,H-Bond,ARG103
report (7).xml,FOL,H-Bond,ARG106
report (7).xml,FOL,H-Bond,HIS135
report (7).xml,FOL,H-Bond,HIS135
report (7).xml,FOL,H-Bond,GLY137
report (7).xml,FOL,H-Bond,TRP138
report (7).xml,FOL,H-Bond,SER174
report (7).xml,FOL,H-Bond,SER174
report (7).xml,FOL,H-Bond,TYR175
report (7).xml,FOL,Hidrofóbica,TYR60
report (7).xml,FOL,Hidrofóbica,LYS136
report (7).xml,FOL,Hidrofóbica,TRP140
report (7).xml,FOL,Hidrofóbica,TRP171
report (7).xml,FOL,Hidrofóbica,TRP171
report (7).xml,FOL,Puente salino,ASP81
report (7).xml,FOL,Puente salino,LYS136
report (7).xml,FOL,H-Bond,SER101
report (7).xml,FOL,H-Bond,ARG103
report (7).xml,FOL,H-Bond,ARG103
report (7).xml,FOL,H-Bond,ARG106
report (7).xml,FOL,H-Bond,HIS135
report (7).xml,FOL,H-Bond,GLY137
report (7).xml,FOL,H-Bond,TRP138
report (7).xml,FOL,H-Bond,TRP140
report (7).xml,FOL,H-Bond,SER174
report (7).xml,FOL,H-Bond,SER174
report (7).xml,FOL,H-Bond,TYR175
report (7).xml,FOL,Hidrofóbica,TYR60
report (7).xml,FOL,Hidrofóbica,LYS136
report (7).xml,FOL,Hidrofóbica,TRP140
report (7).xml,FOL,Puente salino,ASP81
report (7).xml,FOL,Puente salino,LYS136
report (7).xml,FOL,H-Bond,ARG103
report (7).xml,FOL,H-Bond,ARG103
report (7).xml,FOL,H-Bond,ARG106
report (7).xml,FOL,H-Bond,HIS135
report (7).xml,FOL,H-Bond,GLY137
report (7).xml,FOL,H-Bond,TRP138
report (7).xml,FOL,H-Bond,TRP140
report (7).xml,FOL,H-Bond,SER174
report (7).xml,FOL,H-Bond,SER174
report (7).xml,FOL,H-Bond,TYR175
report (7).xml,FOL,Hidrofóbica,TYR60
report (7).xml,FOL,Hidrofóbica,LYS136
report (7).xml,FOL,Hidrofóbica,TRP140
report (7).xml,FOL,Hidrofóbica,TRP171
report (7).xml,FOL,Puente salino,LYS30
report (7).xml,FOL,Puente salino,ASP81
report (7).xml,FOL,Puente salino,LYS136
report (7).xml,FOL,H-Bond,GLN100
report (7).xml,FOL,H-Bond,SER101
report (7).xml,FOL,H-Bond,ARG103
report (7).xml,FOL,H-Bond,ARG103
report (7).xml,FOL,H-Bond,ARG106
report (7).xml,FOL,H-Bond,HIS135
report (7).xml,FOL,H-Bond,GLY137
report (7).xml,FOL,H-Bond,TRP138
report (7).xml,FOL,H-Bond,SER174
report (7).xml,FOL,H-Bond,SER174
report (7).xml,FOL,H-Bond,TYR175
report (7).xml,FOL,Hidrofóbica,TYR60
report (7).xml,FOL,Hidrofóbica,LYS136
report (7).xml,FOL,Hidrofóbica,TRP140
report (7).xml,FOL,Hidrofóbica,TRP171
report (7).xml,FOL,Puente salino,ASP81
report (7).xml,FOL,Puente salino,LYS136
report (7).xml,FOL,H-Bond,GLN100
report (7).xml,FOL,H-Bond,ARG103
report (7).xml,FOL,H-Bond,ARG103
report (7).xml,FOL,H-Bond,ARG106
report (7).xml,FOL,H-Bond,HIS135
report (7).xml,FOL,H-Bond,HIS135
report (7).xml,FOL,H-Bond,GLY137
report (7).xml,FOL,H-Bond,SER174
report (7).xml,FOL,H-Bond,SER174
report (7).xml,FOL,H-Bond,TYR175
report (7).xml,FOL,Hidrofóbica,TYR60
report (7).xml,FOL,Hidrofóbica,TRP140
report (7).xml,FOL,Hidrofóbica,TRP171
report (7).xml,FOL,Puente salino,ASP81
report (7).xml,FOL,Puente salino,LYS136
report (7).xml,FOL,H-Bond,SER101
report (7).xml,FOL,H-Bond,ARG103
report (7).xml,FOL,H-Bond,ARG103
report (7).xml,FOL,H-Bond,ARG106
report (7).xml,FOL,H-Bond,HIS135
report (7).xml,FOL,H-Bond,GLY137
report (7).xml,FOL,H-Bond,TRP138
report (7).xml,FOL,H-Bond,TRP140
report (7).xml,FOL,H-Bond,SER174
report (7).xml,FOL,H-Bond,SER174
report (7).xml,FOL,H-Bond,SER174
report (7).xml,FOL,Hidrofóbica,TYR60
report (7).xml,FOL,Hidrofóbica,TRP140
report (7).xml,FOL,Puente salino,ASP81
report (7).xml,FOL,Puente salino,LYS136
report (7).xml,FOL,H-Bond,GLN100
report (7).xml,FOL,H-Bond,ARG103
report (7).xml,FOL,H-Bond,ARG103
report (7).xml,FOL,H-Bond,ARG106
report (7).xml,FOL,H-Bond,HIS135
report (7).xml,FOL,H-Bond,GLY137
report (7).xml,FOL,H-Bond,TRP138
report (7).xml,FOL,H-Bond,TRP140
report (7).xml,FOL,H-Bond,SER174
report (7).xml,FOL,H-Bond,SER174
report (7).xml,FOL,H-Bond,TYR175
report (7).xml,FOL,Hidrofóbica,TYR60
report (7).xml,FOL,Hidrofóbica,TRP140
report (7).xml,FOL,Puente salino,ASP81
report (7).xml,FOL,Puente salino,LYS136
report (7).xml,FOL,H-Bond,ARG103
report (7).xml,FOL,H-Bond,ARG103
report (7).xml,FOL,H-Bond,ARG106
report (7).xml,FOL,H-Bond,HIS135
report (7).xml,FOL,H-Bond,GLY137
report (7).xml,FOL,H-Bond,TRP138
report (7).xml,FOL,H-Bond,SER174
report (7).xml,FOL,H-Bond,SER174
report (7).xml,FOL,H-Bond,TYR175
report (7).xml,FOL,Hidrofóbica,TYR60
report (7).xml,FOL,Hidrofóbica,TYR60
report (7).xml,FOL,Hidrofóbica,TRP140
report (7).xml,FOL,Hidrofóbica,TRP171
report (7).xml,FOL,Puente salino,ASP81
report (7).xml,FOL,Puente salino,LYS136
report (7).xml,LIG,H-Bond,VAL56
report (7).xml,LIG,H-Bond,SER57
report (7).xml,LIG,H-Bond,SER57
report (7).xml,LIG,H-Bond,PHE62
report (7).xml,LIG,H-Bond,THR82
report (7).xml,LIG,H-Bond,THR82
report (7).xml,LIG,H-Bond,THR82
report (7).xml,LIG,Hidrofóbica,PHE62
report (7).xml,LIG,Hidrofóbica,TYR85
report (7).xml,LIG,Hidrofóbica,TRP171
report (8).xml,CLR,Hidrofóbica,ALA727
report (8).xml,CLR,Hidrofóbica,ILE730
report (8).xml,CLR,Hidrofóbica,ILE730
report (8).xml,CLR,Hidrofóbica,LEU758
report (8).xml,CLR,Hidrofóbica,THR845
report (8).xml,CLR,Hidrofóbica,LEU843
report (8).xml,CLR,Hidrofóbica,VAL865
report (8).xml,CLR,Hidrofóbica,ALA869
report (8).xml,CLR,Hidrofóbica,VAL873
report (8).xml,CLR,Hidrofóbica,ILE864
report (8).xml,CLR,Hidrofóbica,PHE959
report (8).xml,CLR,Hidrofóbica,LEU305
report (8).xml,CLR,Hidrofóbica,ALA311
report (8).xml,CLR,Hidrofóbica,LEU757
report (8).xml,CLR,Hidrofóbica,LEU757
report (8).xml,CLR,Hidrofóbica,LEU760
report (8).xml,CLR,Hidrofóbica,LEU760
report (8).xml,CLR,Hidrofóbica,VAL217
report (8).xml,CLR,Hidrofóbica,LEU312
report (8).xml,CLR,Hidrofóbica,LEU312
report (8).xml,CLR,Hidrofóbica,TRP315
report (8).xml,CLR,Hidrofóbica,TYR316
report (8).xml,CLR,H-Bond,LYS213
report (8).xml,CLR,Hidrofóbica,LEU216
report (8).xml,CLR,Hidrofóbica,ALA220
report (8).xml,LIG,H-Bond,ALA80
report (8).xml,LIG,H-Bond,ALA82
report (8).xml,LIG,H-Bond,GLY83
report (8).xml,LIG,H-Bond,THR740
report (8).xml,LIG,H-Bond,ARG741
report (8).xml,LIG,H-Bond,ARG741
report (8).xml,LIG,H-Bond,PHE971
report (8).xml,LIG,H-Bond,GLU972
report (8).xml,LIG,H-Bond,GLU972
report (9).xml,CLR,Hidrofóbica,ALA727
report (9).xml,CLR,Hidrofóbica,ILE730
report (9).xml,CLR,Hidrofóbica,ILE730
report (9).xml,CLR,Hidrofóbica,LEU758
report (9).xml,CLR,Hidrofóbica,THR845
report (9).xml,CLR,Hidrofóbica,LEU843
report (9).xml,CLR,Hidrofóbica,VAL865
report (9).xml,CLR,Hidrofóbica,ALA869
report (9).xml,CLR,Hidrofóbica,VAL873
report (9).xml,CLR,Hidrofóbica,ILE864
report (9).xml,CLR,Hidrofóbica,PHE959
report (9).xml,CLR,Hidrofóbica,LEU305
report (9).xml,CLR,Hidrofóbica,ALA311
report (9).xml,CLR,Hidrofóbica,LEU757
report (9).xml,CLR,Hidrofóbica,LEU757
report (9).xml,CLR,Hidrofóbica,LEU760
report (9).xml,CLR,Hidrofóbica,LEU760
report (9).xml,CLR,Hidrofóbica,VAL217
report (9).xml,CLR,Hidrofóbica,LEU312
report (9).xml,CLR,Hidrofóbica,LEU312
report (9).xml,CLR,Hidrofóbica,TRP315
report (9).xml,CLR,Hidrofóbica,TYR316
report (9).xml,CLR,H-Bond,LYS213
report (9).xml,CLR,Hidrofóbica,LEU216
report (9).xml,CLR,Hidrofóbica,ALA220
report (9).xml,LIG,H-Bond,PHE79
report (9).xml,LIG,H-Bond,GLY83
report (9).xml,LIG,H-Bond,GLU972
report (9).xml,LIG,H-Bond,GLU972
report.xml,LIG,H-Bond,HIS302
report.xml,LIG,H-Bond,THR305
report.xml,LIG,H-Bond,THR305
report.xml,LIG,H-Bond,LYS693
