proteina,residuo,tipo,n
FRalpha (4LRH),ARG103,H-Bond,64
FRalpha (4LRH),ARG106,H-Bond,32
FRalpha (4LRH),ASP81,Puente salino,32
FRalpha (4LRH),GLN100,H-Bond,16
FRalpha (4LRH),GLY137,H-Bond,32
FRalpha (4LRH),HIS135,H-Bond,39
FRalpha (4LRH),LYS136,Hidrofóbica,16
FRalpha (4LRH),LYS136,Puente salino,32
FRalpha (4LRH),LYS30,Puente salino,4
FRalpha (4LRH),SER101,H-Bond,16
FRalpha (4LRH),SER174,H-Bond,67
FRalpha (4LRH),TRP138,H-Bond,28
FRalpha (4LRH),TRP140,H-Bond,17
FRalpha (4LRH),TRP140,Hidrofóbica,32
FRalpha (4LRH),TRP171,H-Bond,1
FRalpha (4LRH),TRP171,Hidrofóbica,22
FRalpha (4LRH),TYR175,H-Bond,28
FRalpha (4LRH),TYR60,Hidrofóbica,36
FRalpha (4LRH),TYR85,Hidrofóbica,1
P-gp (7A65),ALA220,Hidrofóbica,4
P-gp (7A65),ALA311,Hidrofóbica,4
P-gp (7A65),ALA727,Hidrofóbica,4
P-gp (7A65),ALA869,Hidrofóbica,4
P-gp (7A65),ILE730,Hidrofóbica,8
P-gp (7A65),ILE864,Hidrofóbica,4
P-gp (7A65),LEU216,Hidrofóbica,4
P-gp (7A65),LEU305,Hidrofóbica,4
P-gp (7A65),LEU312,Hidrofóbica,8
P-gp (7A65),LEU757,Hidrofóbica,8
P-gp (7A65),LEU758,Hidrofóbica,4
P-gp (7A65),LEU760,Hidrofóbica,8
P-gp (7A65),LEU843,Hidrofóbica,4
P-gp (7A65),LYS213,H-Bond,4
P-gp (7A65),PHE959,Hidrofóbica,4
P-gp (7A65),THR845,Hidrofóbica,4
P-gp (7A65),TRP315,Hidrofóbica,4
P-gp (7A65),TYR316,Hidrofóbica,4
P-gp (7A65),VAL217,Hidrofóbica,4
P-gp (7A65),VAL865,Hidrofóbica,4
P-gp (7A65),VAL873,Hidrofóbica,4
TfR1 (1CX8),ALA80,H-Bond,1
TfR1 (1CX8),ALA82,H-Bond,1
TfR1 (1CX8),ARG106,H-Bond,1
TfR1 (1CX8),ARG61,H-Bond,1
TfR1 (1CX8),ARG741,H-Bond,2
TfR1 (1CX8),ASP307,H-Bond,1
TfR1 (1CX8),GLU694,H-Bond,2
TfR1 (1CX8),GLU972,H-Bond,6
TfR1 (1CX8),GLY137,H-Bond,1
TfR1 (1CX8),GLY328,H-Bond,1
TfR1 (1CX8),GLY83,H-Bond,3
TfR1 (1CX8),HIS135,H-Bond,1
TfR1 (1CX8),HIS302,H-Bond,4
TfR1 (1CX8),LYS19,Puente salino,1
TfR1 (1CX8),LYS693,H-Bond,4
TfR1 (1CX8),PHE62,H-Bond,2
TfR1 (1CX8),PHE62,Hidrofóbica,3
TfR1 (1CX8),PHE79,H-Bond,2
TfR1 (1CX8),PHE971,H-Bond,2
TfR1 (1CX8),PRO308,H-Bond,1
TfR1 (1CX8),SER101,H-Bond,1
TfR1 (1CX8),SER174,H-Bond,1
TfR1 (1CX8),SER31,H-Bond,2
TfR1 (1CX8),SER327,H-Bond,4
TfR1 (1CX8),SER57,H-Bond,3
TfR1 (1CX8),THR28,H-Bond,5
TfR1 (1CX8),THR305,H-Bond,10
TfR1 (1CX8),THR310,H-Bond,1
TfR1 (1CX8),THR740,H-Bond,4
TfR1 (1CX8),THR82,H-Bond,5
TfR1 (1CX8),TRP102,H-Bond,1
TfR1 (1CX8),TRP138,H-Bond,2
TfR1 (1CX8),TRP140,Hidrofóbica,1
TfR1 (1CX8),TRP171,H-Bond,1
TfR1 (1CX8),TRP171,Hidrofóbica,3
TfR1 (1CX8),TYR32,H-Bond,3
TfR1 (1CX8),TYR60,H-Bond,1
TfR1 (1CX8),TYR85,Hidrofóbica,3
TfR1 (1CX8),VAL56,H-Bond,2
